Workbook

Sheet transactions_raw
A1: transaction_id | B1: transaction_date | C1: merchant_name | D1: raw_amount | E1: currency | F1: status | G1: risk_score | H1: gateway_region | I1: user_id | J1: payment_method
A2: T001 | B2: 46082 | C2: alpha mart | D2: 420000 | E2: INR | F2: captured | G2: score:62 | H2: APAC | I2: U001 | J2: UPI
A3: T002 | B3: 46082 | C3: ALPHA MART | D3: 210000 | E3: INR | F3: Captured | G3: 55 | I3: U002 | J3: Card
A4: T003 | B4: 46082 | C4: BETA STORES | D4: 510000 | E4: INR | F4: CAPTURED | G4: 71 | H4: APAC | I4: U003 | J4: NetBanking
A5: T004 | B5: 46083 | C5: Beta Stores | D5: 160000 | E5: INR | F5: failed e05 timeout | G5: 68 | H5: apac | I5: U004 | J5: Card
A6: T005 | B6: 46083 | C6: Alpha Mart | D6: 390000 | E6: INR | F6: CAPTURED | G6: 58 | I6: U001 | J6: UPI
A7: T006 | B7: 46083 | C7: Beta Stores | D7: 275000 | E7: INR | F7: Captured | G7: score:64 | I7: U005 | J7: Wallet
A8: T007 | B8: 46083 | C8: Alpha Mart | D8: 450000 | E8: INR | F8: chargeback | G8: risk-83 | H8: APAC | I8: U006 | J8: Card
A9: T008 | B9: 46084 | C9: BETA STORES | D9: 340000 | E9: INR | F9: Captured | G9: 59 | I9: U007 | J9: UPI
A10: T009 | B10: 46084 | C10: Alpha Mart | D10: 125000 | E10: INR | F10: captured | G10: 46 | H10: APAC | I10: U002 | J10: Wallet
A11: T010 | B11: 46084 | C11: Beta Stores | D11: 610000 | E11: INR | F11: captured | G11: risk-77 | I11: U003 | J11: Card
A12: T011 | B12: 46084 | C12: Alpha Mart | D12: 195000 | E12: INR | F12: FAILED e05 TIMEOUT | I12: U008 | J12: UPI
A13: T012 | B13: 46085 | C13: Beta Stores | D13: 250000 | E13: INR | F13: captured | G13: risk-61 | H13: APAC | I13: U009 | J13: Card
A14: T013 | B14: 46085 | C14: alpha mart | D14: 310000 | E14: INR | F14: captured | G14: score:54 | H14: APAC | I14: U010 | J14: UPI
A15: T014 | B15: 46085 | C15: Beta Stores | D15: 470000 | E15: INR | F15: captured | G15: risk-73 | H15: APAC | I15: U001 | J15: NetBanking
A16: T015 | B16: 46085 | C16: Alpha Mart | D16: 130000 | E16: INR | F16: captured | G16: score:52 | I16: U002 | J16: Card
A17: T016 | B17: 46086 | C17: Beta Stores | D17: 220000 | E17: INR | F17: failed E05 timeout | G17: risk-69 | I17: U008 | J17: Card
A18: T017 | B18: 46086 | C18: Beta Stores | D18: 180000 | E18: INR | F18: Failed E05 Timeout | G18: score:72 | H18: apac | I18: U008 | J18: Card
A19: T018 | B19: 46086 | C19: BETA STORES | D19: 145000 | E19: INR | F19: chargeback | G19: risk-86 | H19: APAC | I19: U008 | J19: UPI
A20: T019 | B20: 46086 | C20: Alpha Mart | D20: 260000 | E20: INR | F20: Failed E05 Timeout | G20: score:67 | H20: apac | I20: U008 | J20: Wallet
A21: T020 | B21: 46086 | C21: Alpha Mart | D21: 520000 | E21: INR | F21: Captured | G21: 75 | H21: APAC | I21: U005 | J21: UPI
A22: T021 | B22: 46087 | C22: beta stores | D22: 330000 | E22: INR | F22: captured | G22: score:63 | I22: U006 | J22: Card
A23: T022 | B23: 46087 | C23: ALPHA MART | D23: 410000 | E23: INR | F23: captured | G23: 60 | H23: APAC | I23: U007 | J23: UPI
A24: T023 | B24: 46082 | C24: City Pharma | D24: 5200 | E24: EUR | F24: Captured | G24: 42 | H24: EU | I24: U003 | J24: Card
A25: T024 | B25: 46083 | C25: Eco Home | D25: 6100 | E25: EUR | F25: chargeback | G25: score:65 | H25: EU | I25: U004 | J25: Card
A26: T025 | B26: 46084 | C26: City Pharma | D26: 2800 | E26: EUR | F26: captured | G26: 38 | H26: eu | I26: U005 | J26: Wallet
A27: T026 | B27: 46086 | C27: Eco Home | D27: 3300 | E27: EUR | F27: Failed E05 Timeout | G27: 44 | H27: EU | I27: U006 | J27: NetBanking
A28: T027 | B28: 46082 | C28: DELTA TRAVELS | D28: 7200 | E28: USD | F28: captured | G28: 49 | H28: us | I28: U007 | J28: Card
A29: T028 | B29: 46083 | C29: Delta Travels | D29: 3100 | E29: USD | F29: CAPTURED | G29: risk-41 | H29: US | I29: U008 | J29: Card
A30: T029 | B30: 46085 | C30: delta travels | D30: 2500 | E30: USD | F30: chargeback | G30: score:58 | H30: US | I30: U009 | J30: Wallet
A31: T030 | B31: 46087 | C31: DELTA TRAVELS | D31: 1800 | E31: USD | F31: Failed E05 Timeout | G31: score:47 | H31: US | I31: U010 | J31: UPI

Sheet Cleaned_Transactions
A1: transaction_id | B1: transaction_date | D1: merchant_name_draft | E1: merchant_name | F1: raw_amount | G1: raw_amount(in USD) | H1: currency_draft | I1: currency | J1: status_draft | K1: status | L1: risk_score_draft | M1: risk_score | N1: gateway_region | O1: user_id | P1: payment_method | R1: high_value_flag | S1: high_value_risk
A2: T001 | B2: 46082 | D2: alpha mart | E2: =PROPER(TRIM(D2)) -> Alpha Mart | F2: 420000 | G2: {=F2* XLOOKUP(Q2,Sheet2!$D$2:$D$19,Sheet2!$C$2:$C$19,FALSE)} -> 4998 | H2: INR | I2: USD | J2: captured | K2: =IFERROR(__xludf.DUMMYFUNCTION("ARRAYFORMULA(IF(J2:J1000="""", , PROPER(TRIM(REGEXREPLACE(J2:J1000, ""(?i) e05 timeout"", """")))))"),"Captured") -> Captured | L2: score:62 | M2: =IFERROR(__xludf.DUMMYFUNCTION("ARRAYFORMULA(IF(L2:L1000="""", , VALUE(REGEXREPLACE(TO_TEXT(L2:L1000), ""[^0-9]"", """"))))"),62.0) -> 62 | N2: {=XLOOKUP(E2,Sheet3!$B$2:$B$6,Sheet3!$E$2:$E$6)} -> APAC | O2: U001 | P2: UPI | Q2: =CONCATENATE(B2,H2) -> 46082INR | R2: =IFS( AND(N2="APAC", G2>5000), 1, AND(N2="EU", G2>6000), 1, AND(N2="US", G2>7000), 1, TRUE, 0 ) -> 0 | S2: =IF(OR(M2>=70, IFERROR(SEARCH("chargeback", K2),"")), 1, 0) -> 0
A3: T002 | B3: 46082 | D3: ALPHA MART | E3: =PROPER(TRIM(D3)) -> Alpha Mart | F3: 210000 | G3: {=F3* XLOOKUP(Q3,Sheet2!$D$2:$D$19,Sheet2!$C$2:$C$19,FALSE)} -> 2499 | H3: INR | I3: USD | J3: Captured | K3: =IFERROR(__xludf.DUMMYFUNCTION("""COMPUTED_VALUE"""),"Captured") -> Captured | L3: 55 | M3: =IFERROR(__xludf.DUMMYFUNCTION("""COMPUTED_VALUE"""),55.0) -> 55 | N3: {=XLOOKUP(E3,Sheet3!$B$2:$B$6,Sheet3!$E$2:$E$6)} -> APAC | O3: U002 | P3: Card | Q3: =CONCATENATE(B3,H3) -> 46082INR | R3: =IFS( AND(N3="APAC", G3>5000), 1, AND(N3="EU", G3>6000), 1, AND(N3="US", G3>7000), 1, TRUE, 0 ) -> 0 | S3: =IF(OR(M3>=70, IFERROR(SEARCH("chargeback", K3),"")), 1, 0) -> 0
A4: T003 | B4: 46082 | D4: BETA STORES | E4: =PROPER(TRIM(D4)) -> Beta Stores | F4: 510000 | G4: {=F4* XLOOKUP(Q4,Sheet2!$D$2:$D$19,Sheet2!$C$2:$C$19,FALSE)} -> 6069 | H4: INR | I4: USD | J4: CAPTURED | K4: =IFERROR(__xludf.DUMMYFUNCTION("""COMPUTED_VALUE"""),"Captured") -> Captured | L4: 71 | M4: =IFERROR(__xludf.DUMMYFUNCTION("""COMPUTED_VALUE"""),71.0) -> 71 | N4: {=XLOOKUP(E4,Sheet3!$B$2:$B$6,Sheet3!$E$2:$E$6)} -> APAC | O4: U003 | P4: NetBanking | Q4: =CONCATENATE(B4,H4) -> 46082INR | R4: =IFS( AND(N4="APAC", G4>5000), 1, AND(N4="EU", G4>6000), 1, AND(N4="US", G4>7000), 1, TRUE, 0 ) -> 1 | S4: =IF(OR(M4>=70, IFERROR(SEARCH("chargeback", K4),"")), 1, 0) -> 1
A5: T004 | B5: 46083 | D5: Beta Stores | E5: =PROPER(TRIM(D5)) -> Beta Stores | F5: 160000 | G5: {=F5* XLOOKUP(Q5,Sheet2!$D$2:$D$19,Sheet2!$C$2:$C$19,FALSE)} -> 1920 | H5: INR | I5: USD | J5: failed e05 timeout | K5: =IFERROR(__xludf.DUMMYFUNCTION("""COMPUTED_VALUE"""),"Failed") -> Failed | L5: 68 | M5: =IFERROR(__xludf.DUMMYFUNCTION("""COMPUTED_VALUE"""),68.0) -> 68 | N5: {=XLOOKUP(E5,Sheet3!$B$2:$B$6,Sheet3!$E$2:$E$6)} -> APAC | O5: U004 | P5: Card | Q5: =CONCATENATE(B5,H5) -> 46083INR | R5: =IFS( AND(N5="APAC", G5>5000), 1, AND(N5="EU", G5>6000), 1, AND(N5="US", G5>7000), 1, TRUE, 0 ) -> 0 | S5: =IF(OR(M5>=70, IFERROR(SEARCH("chargeback", K5),"")), 1, 0) -> 0
A6: T005 | B6: 46083 | D6: Alpha Mart | E6: =PROPER(TRIM(D6)) -> Alpha Mart | F6: 390000 | G6: {=F6* XLOOKUP(Q6,Sheet2!$D$2:$D$19,Sheet2!$C$2:$C$19,FALSE)} -> 4680 | H6: INR | I6: USD | J6: CAPTURED | K6: =IFERROR(__xludf.DUMMYFUNCTION("""COMPUTED_VALUE"""),"Captured") -> Captured | L6: 58 | M6: =IFERROR(__xludf.DUMMYFUNCTION("""COMPUTED_VALUE"""),58.0) -> 58 | N6: {=XLOOKUP(E6,Sheet3!$B$2:$B$6,Sheet3!$E$2:$E$6)} -> APAC | O6: U001 | P6: UPI | Q6: =CONCATENATE(B6,H6) -> 46083INR | R6: =IFS( AND(N6="APAC", G6>5000), 1, AND(N6="EU", G6>6000), 1, AND(N6="US", G6>7000), 1, TRUE, 0 ) -> 0 | S6: =IF(OR(M6>=70, IFERROR(SEARCH("chargeback", K6),"")), 1, 0) -> 0
A7: T006 | B7: 46083 | D7: Beta Stores | E7: =PROPER(TRIM(D7)) -> Beta Stores | F7: 275000 | G7: {=F7* XLOOKUP(Q7,Sheet2!$D$2:$D$19,Sheet2!$C$2:$C$19,FALSE)} -> 3300 | H7: INR | I7: USD | J7: Captured | K7: =IFERROR(__xludf.DUMMYFUNCTION("""COMPUTED_VALUE"""),"Captured") -> Captured | L7: score:64 | M7: =IFERROR(__xludf.DUMMYFUNCTION("""COMPUTED_VALUE"""),64.0) -> 64 | N7: {=XLOOKUP(E7,Sheet3!$B$2:$B$6,Sheet3!$E$2:$E$6)} -> APAC | O7: U005 | P7: Wallet | Q7: =CONCATENATE(B7,H7) -> 46083INR | R7: =IFS( AND(N7="APAC", G7>5000), 1, AND(N7="EU", G7>6000), 1, AND(N7="US", G7>7000), 1, TRUE, 0 ) -> 0 | S7: =IF(OR(M7>=70, IFERROR(SEARCH("chargeback", K7),"")), 1, 0) -> 0
A8: T007 | B8: 46083 | D8: Alpha Mart | E8: =PROPER(TRIM(D8)) -> Alpha Mart | F8: 450000 | G8: {=F8* XLOOKUP(Q8,Sheet2!$D$2:$D$19,Sheet2!$C$2:$C$19,FALSE)} -> 5400 | H8: INR | I8: USD | J8: chargeback | K8: =IFERROR(__xludf.DUMMYFUNCTION("""COMPUTED_VALUE"""),"Chargeback") -> Chargeback | L8: risk-83 | M8: =IFERROR(__xludf.DUMMYFUNCTION("""COMPUTED_VALUE"""),83.0) -> 83 | N8: {=XLOOKUP(E8,Sheet3!$B$2:$B$6,Sheet3!$E$2:$E$6)} -> APAC | O8: U006 | P8: Card | Q8: =CONCATENATE(B8,H8) -> 46083INR | R8: =IFS( AND(N8="APAC", G8>5000), 1, AND(N8="EU", G8>6000), 1, AND(N8="US", G8>7000), 1, TRUE, 0 ) -> 1 | S8: =IF(OR(M8>=70, IFERROR(SEARCH("chargeback", K8),"")), 1, 0) -> 1
A9: T008 | B9: 46084 | D9: BETA STORES | E9: =PROPER(TRIM(D9)) -> Beta Stores | F9: 340000 | G9: {=F9* XLOOKUP(Q9,Sheet2!$D$2:$D$19,Sheet2!$C$2:$C$19,FALSE)} -> 4114 | H9: INR | I9: USD | J9: Captured | K9: =IFERROR(__xludf.DUMMYFUNCTION("""COMPUTED_VALUE"""),"Captured") -> Captured | L9: 59 | M9: =IFERROR(__xludf.DUMMYFUNCTION("""COMPUTED_VALUE"""),59.0) -> 59 | N9: {=XLOOKUP(E9,Sheet3!$B$2:$B$6,Sheet3!$E$2:$E$6)} -> APAC | O9: U007 | P9: UPI | Q9: =CONCATENATE(B9,H9) -> 46084INR | R9: =IFS( AND(N9="APAC", G9>5000), 1, AND(N9="EU", G9>6000), 1, AND(N9="US", G9>7000), 1, TRUE, 0 ) -> 0 | S9: =IF(OR(M9>=70, IFERROR(SEARCH("chargeback", K9),"")), 1, 0) -> 0
A10: T009 | B10: 46084 | D10: Alpha Mart | E10: =PROPER(TRIM(D10)) -> Alpha Mart | F10: 125000 | G10: {=F10* XLOOKUP(Q10,Sheet2!$D$2:$D$19,Sheet2!$C$2:$C$19,FALSE)} -> 1512.5 | H10: INR | I10: USD | J10: captured | K10: =IFERROR(__xludf.DUMMYFUNCTION("""COMPUTED_VALUE"""),"Captured") -> Captured | L10: 46 | M10: =IFERROR(__xludf.DUMMYFUNCTION("""COMPUTED_VALUE"""),46.0) -> 46 | N10: {=XLOOKUP(E10,Sheet3!$B$2:$B$6,Sheet3!$E$2:$E$6)} -> APAC | O10: U002 | P10: Wallet | Q10: =CONCATENATE(B10,H10) -> 46084INR | R10: =IFS( AND(N10="APAC", G10>5000), 1, AND(N10="EU", G10>6000), 1, AND(N10="US", G10>7000), 1, TRUE, 0 ) -> 0 | S10: =IF(OR(M10>=70, IFERROR(SEARCH("chargeback", K10),"")), 1, 0) -> 0
A11: T010 | B11: 46084 | D11: Beta Stores | E11: =PROPER(TRIM(D11)) -> Beta Stores | F11: 610000 | G11: {=F11* XLOOKUP(Q11,Sheet2!$D$2:$D$19,Sheet2!$C$2:$C$19,FALSE)} -> 7381 | H11: INR | I11: USD | J11: captured | K11: =IFERROR(__xludf.DUMMYFUNCTION("""COMPUTED_VALUE"""),"Captured") -> Captured | L11: risk-77 | M11: =IFERROR(__xludf.DUMMYFUNCTION("""COMPUTED_VALUE"""),77.0) -> 77 | N11: {=XLOOKUP(E11,Sheet3!$B$2:$B$6,Sheet3!$E$2:$E$6)} -> APAC | O11: U003 | P11: Card | Q11: =CONCATENATE(B11,H11) -> 46084INR | R11: =IFS( AND(N11="APAC", G11>5000), 1, AND(N11="EU", G11>6000), 1, AND(N11="US", G11>7000), 1, TRUE, 0 ) -> 1 | S11: =IF(OR(M11>=70, IFERROR(SEARCH("chargeback", K11),"")), 1, 0) -> 1
A12: T011 | B12: 46084 | D12: Alpha Mart | E12: =PROPER(TRIM(D12)) -> Alpha Mart | F12: 195000 | G12: {=F12* XLOOKUP(Q12,Sheet2!$D$2:$D$19,Sheet2!$C$2:$C$19,FALSE)} -> 2359.5 | H12: INR | I12: USD | J12: FAILED e05 TIMEOUT | K12: =IFERROR(__xludf.DUMMYFUNCTION("""COMPUTED_VALUE"""),"Failed") -> Failed | N12: {=XLOOKUP(E12,Sheet3!$B$2:$B$6,Sheet3!$E$2:$E$6)} -> APAC | O12: U008 | P12: UPI | Q12: =CONCATENATE(B12,H12) -> 46084INR | R12: =IFS( AND(N12="APAC", G12>5000), 1, AND(N12="EU", G12>6000), 1, AND(N12="US", G12>7000), 1, TRUE, 0 ) -> 0 | S12: =IF(OR(M12>=70, IFERROR(SEARCH("chargeback", K12),"")), 1, 0) -> 0
A13: T012 | B13: 46085 | D13: Beta Stores | E13: =PROPER(TRIM(D13)) -> Beta Stores | F13: 250000 | G13: {=F13* XLOOKUP(Q13,Sheet2!$D$2:$D$19,Sheet2!$C$2:$C$19,FALSE)} -> 3000 | H13: INR | I13: USD | J13: captured | K13: =IFERROR(__xludf.DUMMYFUNCTION("""COMPUTED_VALUE"""),"Captured") -> Captured | L13: risk-61 | M13: =IFERROR(__xludf.DUMMYFUNCTION("""COMPUTED_VALUE"""),61.0) -> 61 | N13: {=XLOOKUP(E13,Sheet3!$B$2:$B$6,Sheet3!$E$2:$E$6)} -> APAC | O13: U009 | P13: Card | Q13: =CONCATENATE(B13,H13) -> 46085INR | R13: =IFS( AND(N13="APAC", G13>5000), 1, AND(N13="EU", G13>6000), 1, AND(N13="US", G13>7000), 1, TRUE, 0 ) -> 0 | S13: =IF(OR(M13>=70, IFERROR(SEARCH("chargeback", K13),"")), 1, 0) -> 0
A14: T013 | B14: 46085 | D14: alpha mart | E14: =PROPER(TRIM(D14)) -> Alpha Mart | F14: 310000 | G14: {=F14* XLOOKUP(Q14,Sheet2!$D$2:$D$19,Sheet2!$C$2:$C$19,FALSE)} -> 3720 | H14: INR | I14: USD | J14: captured | K14: =IFERROR(__xludf.DUMMYFUNCTION("""COMPUTED_VALUE"""),"Captured") -> Captured | L14: score:54 | M14: =IFERROR(__xludf.DUMMYFUNCTION("""COMPUTED_VALUE"""),54.0) -> 54 | N14: {=XLOOKUP(E14,Sheet3!$B$2:$B$6,Sheet3!$E$2:$E$6)} -> APAC | O14: U010 | P14: UPI | Q14: =CONCATENATE(B14,H14) -> 46085INR | R14: =IFS( AND(N14="APAC", G14>5000), 1, AND(N14="EU", G14>6000), 1, AND(N14="US", G14>7000), 1, TRUE, 0 ) -> 0 | S14: =IF(OR(M14>=70, IFERROR(SEARCH("chargeback", K14),"")), 1, 0) -> 0
A15: T014 | B15: 46085 | D15: Beta Stores | E15: =PROPER(TRIM(D15)) -> Beta Stores | F15: 470000 | G15: {=F15* XLOOKUP(Q15,Sheet2!$D$2:$D$19,Sheet2!$C$2:$C$19,FALSE)} -> 5640 | H15: INR | I15: USD | J15: captured | K15: =IFERROR(__xludf.DUMMYFUNCTION("""COMPUTED_VALUE"""),"Captured") -> Captured | L15: risk-73 | M15: =IFERROR(__xludf.DUMMYFUNCTION("""COMPUTED_VALUE"""),73.0) -> 73 | N15: {=XLOOKUP(E15,Sheet3!$B$2:$B$6,Sheet3!$E$2:$E$6)} -> APAC | O15: U001 | P15: NetBanking | Q15: =CONCATENATE(B15,H15) -> 46085INR | R15: =IFS( AND(N15="APAC", G15>5000), 1, AND(N15="EU", G15>6000), 1, AND(N15="US", G15>7000), 1, TRUE, 0 ) -> 1 | S15: =IF(OR(M15>=70, IFERROR(SEARCH("chargeback", K15),"")), 1, 0) -> 1
A16: T015 | B16: 46085 | D16: Alpha Mart | E16: =PROPER(TRIM(D16)) -> Alpha Mart | F16: 130000 | G16: {=F16* XLOOKUP(Q16,Sheet2!$D$2:$D$19,Sheet2!$C$2:$C$19,FALSE)} -> 1560 | H16: INR | I16: USD | J16: captured | K16: =IFERROR(__xludf.DUMMYFUNCTION("""COMPUTED_VALUE"""),"Captured") -> Captured | L16: score:52 | M16: =IFERROR(__xludf.DUMMYFUNCTION("""COMPUTED_VALUE"""),52.0) -> 52 | N16: {=XLOOKUP(E16,Sheet3!$B$2:$B$6,Sheet3!$E$2:$E$6)} -> APAC | O16: U002 | P16: Card | Q16: =CONCATENATE(B16,H16) -> 46085INR | R16: =IFS( AND(N16="APAC", G16>5000), 1, AND(N16="EU", G16>6000), 1, AND(N16="US", G16>7000), 1, TRUE, 0 ) -> 0 | S16: =IF(OR(M16>=70, IFERROR(SEARCH("chargeback", K16),"")), 1, 0) -> 0
A17: T016 | B17: 46086 | D17: Beta Stores | E17: =PROPER(TRIM(D17)) -> Beta Stores | F17: 220000 | G17: {=F17* XLOOKUP(Q17,Sheet2!$D$2:$D$19,Sheet2!$C$2:$C$19,FALSE)} -> 2596 | H17: INR | I17: USD | J17: failed E05 timeout | K17: =IFERROR(__xludf.DUMMYFUNCTION("""COMPUTED_VALUE"""),"Failed") -> Failed | L17: risk-69 | M17: =IFERROR(__xludf.DUMMYFUNCTION("""COMPUTED_VALUE"""),69.0) -> 69 | N17: {=XLOOKUP(E17,Sheet3!$B$2:$B$6,Sheet3!$E$2:$E$6)} -> APAC | O17: U008 | P17: Card | Q17: =CONCATENATE(B17,H17) -> 46086INR | R17: =IFS( AND(N17="APAC", G17>5000), 1, AND(N17="EU", G17>6000), 1, AND(N17="US", G17>7000), 1, TRUE, 0 ) -> 0 | S17: =IF(OR(M17>=70, IFERROR(SEARCH("chargeback", K17),"")), 1, 0) -> 0
A18: T017 | B18: 46086 | D18: Beta Stores | E18: =PROPER(TRIM(D18)) -> Beta Stores | F18: 180000 | G18: {=F18* XLOOKUP(Q18,Sheet2!$D$2:$D$19,Sheet2!$C$2:$C$19,FALSE)} -> 2124 | H18: INR | I18: USD | J18: Failed E05 Timeout | K18: =IFERROR(__xludf.DUMMYFUNCTION("""COMPUTED_VALUE"""),"Failed") -> Failed | L18: score:72 | M18: =IFERROR(__xludf.DUMMYFUNCTION("""COMPUTED_VALUE"""),72.0) -> 72 | N18: {=XLOOKUP(E18,Sheet3!$B$2:$B$6,Sheet3!$E$2:$E$6)} -> APAC | O18: U008 | P18: Card | Q18: =CONCATENATE(B18,H18) -> 46086INR | R18: =IFS( AND(N18="APAC", G18>5000), 1, AND(N18="EU", G18>6000), 1, AND(N18="US", G18>7000), 1, TRUE, 0 ) -> 0 | S18: =IF(OR(M18>=70, IFERROR(SEARCH("chargeback", K18),"")), 1, 0) -> 1
A19: T018 | B19: 46086 | D19: BETA STORES | E19: =PROPER(TRIM(D19)) -> Beta Stores | F19: 145000 | G19: {=F19* XLOOKUP(Q19,Sheet2!$D$2:$D$19,Sheet2!$C$2:$C$19,FALSE)} -> 1711 | H19: INR | I19: USD | J19: chargeback | K19: =IFERROR(__xludf.DUMMYFUNCTION("""COMPUTED_VALUE"""),"Chargeback") -> Chargeback | L19: risk-86 | M19: =IFERROR(__xludf.DUMMYFUNCTION("""COMPUTED_VALUE"""),86.0) -> 86 | N19: {=XLOOKUP(E19,Sheet3!$B$2:$B$6,Sheet3!$E$2:$E$6)} -> APAC | O19: U008 | P19: UPI | Q19: =CONCATENATE(B19,H19) -> 46086INR | R19: =IFS( AND(N19="APAC", G19>5000), 1, AND(N19="EU", G19>6000), 1, AND(N19="US", G19>7000), 1, TRUE, 0 ) -> 0 | S19: =IF(OR(M19>=70, IFERROR(SEARCH("chargeback", K19),"")), 1, 0) -> 1
A20: T019 | B20: 46086 | D20: Alpha Mart | E20: =PROPER(TRIM(D20)) -> Alpha Mart | F20: 260000 | G20: {=F20* XLOOKUP(Q20,Sheet2!$D$2:$D$19,Sheet2!$C$2:$C$19,FALSE)} -> 3068 | H20: INR | I20: USD | J20: Failed E05 Timeout | K20: =IFERROR(__xludf.DUMMYFUNCTION("""COMPUTED_VALUE"""),"Failed") -> Failed | L20: score:67 | M20: =IFERROR(__xludf.DUMMYFUNCTION("""COMPUTED_VALUE"""),67.0) -> 67 | N20: {=XLOOKUP(E20,Sheet3!$B$2:$B$6,Sheet3!$E$2:$E$6)} -> APAC | O20: U008 | P20: Wallet | Q20: =CONCATENATE(B20,H20) -> 46086INR | R20: =IFS( AND(N20="APAC", G20>5000), 1, AND(N20="EU", G20>6000), 1, AND(N20="US", G20>7000), 1, TRUE, 0 ) -> 0 | S20: =IF(OR(M20>=70, IFERROR(SEARCH("chargeback", K20),"")), 1, 0) -> 0
A21: T020 | B21: 46086 | D21: Alpha Mart | E21: =PROPER(TRIM(D21)) -> Alpha Mart | F21: 520000 | G21: {=F21* XLOOKUP(Q21,Sheet2!$D$2:$D$19,Sheet2!$C$2:$C$19,FALSE)} -> 6136 | H21: INR | I21: USD | J21: Captured | K21: =IFERROR(__xludf.DUMMYFUNCTION("""COMPUTED_VALUE"""),"Captured") -> Captured | L21: 75 | M21: =IFERROR(__xludf.DUMMYFUNCTION("""COMPUTED_VALUE"""),75.0) -> 75 | N21: {=XLOOKUP(E21,Sheet3!$B$2:$B$6,Sheet3!$E$2:$E$6)} -> APAC | O21: U005 | P21: UPI | Q21: =CONCATENATE(B21,H21) -> 46086INR | R21: =IFS( AND(N21="APAC", G21>5000), 1, AND(N21="EU", G21>6000), 1, AND(N21="US", G21>7000), 1, TRUE, 0 ) -> 1 | S21: =IF(OR(M21>=70, IFERROR(SEARCH("chargeback", K21),"")), 1, 0) -> 1
A22: T021 | B22: 46087 | D22: beta stores | E22: =PROPER(TRIM(D22)) -> Beta Stores | F22: 330000 | G22: {=F22* XLOOKUP(Q22,Sheet2!$D$2:$D$19,Sheet2!$C$2:$C$19,FALSE)} -> 3927 | H22: INR | I22: USD | J22: captured | K22: =IFERROR(__xludf.DUMMYFUNCTION("""COMPUTED_VALUE"""),"Captured") -> Captured | L22: score:63 | M22: =IFERROR(__xludf.DUMMYFUNCTION("""COMPUTED_VALUE"""),63.0) -> 63 | N22: {=XLOOKUP(E22,Sheet3!$B$2:$B$6,Sheet3!$E$2:$E$6)} -> APAC | O22: U006 | P22: Card | Q22: =CONCATENATE(B22,H22) -> 46087INR | R22: =IFS( AND(N22="APAC", G22>5000), 1, AND(N22="EU", G22>6000), 1, AND(N22="US", G22>7000), 1, TRUE, 0 ) -> 0 | S22: =IF(OR(M22>=70, IFERROR(SEARCH("chargeback", K22),"")), 1, 0) -> 0
A23: T022 | B23: 46087 | D23: ALPHA MART | E23: =PROPER(TRIM(D23)) -> Alpha Mart | F23: 410000 | G23: {=F23* XLOOKUP(Q23,Sheet2!$D$2:$D$19,Sheet2!$C$2:$C$19,FALSE)} -> 4879 | H23: INR | I23: USD | J23: captured | K23: =IFERROR(__xludf.DUMMYFUNCTION("""COMPUTED_VALUE"""),"Captured") -> Captured | L23: 60 | M23: =IFERROR(__xludf.DUMMYFUNCTION("""COMPUTED_VALUE"""),60.0) -> 60 | N23: {=XLOOKUP(E23,Sheet3!$B$2:$B$6,Sheet3!$E$2:$E$6)} -> APAC | O23: U007 | P23: UPI | Q23: =CONCATENATE(B23,H23) -> 46087INR | R23: =IFS( AND(N23="APAC", G23>5000), 1, AND(N23="EU", G23>6000), 1, AND(N23="US", G23>7000), 1, TRUE, 0 ) -> 0 | S23: =IF(OR(M23>=70, IFERROR(SEARCH("chargeback", K23),"")), 1, 0) -> 0
A24: T023 | B24: 46082 | D24: City Pharma | E24: =PROPER(TRIM(D24)) -> City Pharma | F24: 5200 | G24: {=F24* XLOOKUP(Q24,Sheet2!$D$2:$D$19,Sheet2!$C$2:$C$19,FALSE)} -> 5616 | H24: EUR | I24: USD | J24: Captured | K24: =IFERROR(__xludf.DUMMYFUNCTION("""COMPUTED_VALUE"""),"Captured") -> Captured | L24: 42 | M24: =IFERROR(__xludf.DUMMYFUNCTION("""COMPUTED_VALUE"""),42.0) -> 42 | N24: {=XLOOKUP(E24,Sheet3!$B$2:$B$6,Sheet3!$E$2:$E$6)} -> EU | O24: U003 | P24: Card | Q24: =CONCATENATE(B24,H24) -> 46082EUR | R24: =IFS( AND(N24="APAC", G24>5000), 1, AND(N24="EU", G24>6000), 1, AND(N24="US", G24>7000), 1, TRUE, 0 ) -> 0 | S24: =IF(OR(M24>=70, IFERROR(SEARCH("chargeback", K24),"")), 1, 0) -> 0
A25: T024 | B25: 46083 | D25: Eco Home | E25: =PROPER(TRIM(D25)) -> Eco Home | F25: 6100 | G25: {=F25* XLOOKUP(Q25,Sheet2!$D$2:$D$19,Sheet2!$C$2:$C$19,FALSE)} -> 6649 | H25: EUR | I25: USD | J25: chargeback | K25: =IFERROR(__xludf.DUMMYFUNCTION("""COMPUTED_VALUE"""),"Chargeback") -> Chargeback | L25: score:65 | M25: =IFERROR(__xludf.DUMMYFUNCTION("""COMPUTED_VALUE"""),65.0) -> 65 | N25: {=XLOOKUP(E25,Sheet3!$B$2:$B$6,Sheet3!$E$2:$E$6)} -> EU | O25: U004 | P25: Card | Q25: =CONCATENATE(B25,H25) -> 46083EUR | R25: =IFS( AND(N25="APAC", G25>5000), 1, AND(N25="EU", G25>6000), 1, AND(N25="US", G25>7000), 1, TRUE, 0 ) -> 1 | S25: =IF(OR(M25>=70, IFERROR(SEARCH("chargeback", K25),"")), 1, 0) -> 1
A26: T025 | B26: 46084 | D26: City Pharma | E26: =PROPER(TRIM(D26)) -> City Pharma | F26: 2800 | G26: {=F26* XLOOKUP(Q26,Sheet2!$D$2:$D$19,Sheet2!$C$2:$C$19,FALSE)} -> 3024 | H26: EUR | I26: USD | J26: captured | K26: =IFERROR(__xludf.DUMMYFUNCTION("""COMPUTED_VALUE"""),"Captured") -> Captured | L26: 38 | M26: =IFERROR(__xludf.DUMMYFUNCTION("""COMPUTED_VALUE"""),38.0) -> 38 | N26: {=XLOOKUP(E26,Sheet3!$B$2:$B$6,Sheet3!$E$2:$E$6)} -> EU | O26: U005 | P26: Wallet | Q26: =CONCATENATE(B26,H26) -> 46084EUR | R26: =IFS( AND(N26="APAC", G26>5000), 1, AND(N26="EU", G26>6000), 1, AND(N26="US", G26>7000), 1, TRUE, 0 ) -> 0 | S26: =IF(OR(M26>=70, IFERROR(SEARCH("chargeback", K26),"")), 1, 0) -> 0
A27: T026 | B27: 46086 | D27: Eco Home | E27: =PROPER(TRIM(D27)) -> Eco Home | F27: 3300 | G27: {=F27* XLOOKUP(Q27,Sheet2!$D$2:$D$19,Sheet2!$C$2:$C$19,FALSE)} -> 3597 | H27: EUR | I27: USD | J27: Failed E05 Timeout | K27: =IFERROR(__xludf.DUMMYFUNCTION("""COMPUTED_VALUE"""),"Failed") -> Failed | L27: 44 | M27: =IFERROR(__xludf.DUMMYFUNCTION("""COMPUTED_VALUE"""),44.0) -> 44 | N27: {=XLOOKUP(E27,Sheet3!$B$2:$B$6,Sheet3!$E$2:$E$6)} -> EU | O27: U006 | P27: NetBanking | Q27: =CONCATENATE(B27,H27) -> 46086EUR | R27: =IFS( AND(N27="APAC", G27>5000), 1, AND(N27="EU", G27>6000), 1, AND(N27="US", G27>7000), 1, TRUE, 0 ) -> 0 | S27: =IF(OR(M27>=70, IFERROR(SEARCH("chargeback", K27),"")), 1, 0) -> 0
A28: T027 | B28: 46082 | D28: DELTA TRAVELS | E28: =PROPER(TRIM(D28)) -> Delta Travels | F28: 7200 | G28: {=F28* XLOOKUP(Q28,Sheet2!$D$2:$D$19,Sheet2!$C$2:$C$19,FALSE)} -> 7200 | H28: USD | I28: USD | J28: captured | K28: =IFERROR(__xludf.DUMMYFUNCTION("""COMPUTED_VALUE"""),"Captured") -> Captured | L28: 49 | M28: =IFERROR(__xludf.DUMMYFUNCTION("""COMPUTED_VALUE"""),49.0) -> 49 | N28: {=XLOOKUP(E28,Sheet3!$B$2:$B$6,Sheet3!$E$2:$E$6)} -> US | O28: U007 | P28: Card | Q28: =CONCATENATE(B28,H28) -> 46082USD | R28: =IFS( AND(N28="APAC", G28>5000), 1, AND(N28="EU", G28>6000), 1, AND(N28="US", G28>7000), 1, TRUE, 0 ) -> 1 | S28: =IF(OR(M28>=70, IFERROR(SEARCH("chargeback", K28),"")), 1, 0) -> 0
A29: T028 | B29: 46083 | D29: Delta Travels | E29: =PROPER(TRIM(D29)) -> Delta Travels | F29: 3100 | G29: {=F29* XLOOKUP(Q29,Sheet2!$D$2:$D$19,Sheet2!$C$2:$C$19,FALSE)} -> 3100 | H29: USD | I29: USD | J29: CAPTURED | K29: =IFERROR(__xludf.DUMMYFUNCTION("""COMPUTED_VALUE"""),"Captured") -> Captured | L29: risk-41 | M29: =IFERROR(__xludf.DUMMYFUNCTION("""COMPUTED_VALUE"""),41.0) -> 41 | N29: {=XLOOKUP(E29,Sheet3!$B$2:$B$6,Sheet3!$E$2:$E$6)} -> US | O29: U008 | P29: Card | Q29: =CONCATENATE(B29,H29) -> 46083USD | R29: =IFS( AND(N29="APAC", G29>5000), 1, AND(N29="EU", G29>6000), 1, AND(N29="US", G29>7000), 1, TRUE, 0 ) -> 0 | S29: =IF(OR(M29>=70, IFERROR(SEARCH("chargeback", K29),"")), 1, 0) -> 0
A30: T029 | B30: 46085 | D30: delta travels | E30: =PROPER(TRIM(D30)) -> Delta Travels | F30: 2500 | G30: {=F30* XLOOKUP(Q30,Sheet2!$D$2:$D$19,Sheet2!$C$2:$C$19,FALSE)} -> 2500 | H30: USD | I30: USD | J30: chargeback | K30: =IFERROR(__xludf.DUMMYFUNCTION("""COMPUTED_VALUE"""),"Chargeback") -> Chargeback | L30: score:58 | M30: =IFERROR(__xludf.DUMMYFUNCTION("""COMPUTED_VALUE"""),58.0) -> 58 | N30: {=XLOOKUP(E30,Sheet3!$B$2:$B$6,Sheet3!$E$2:$E$6)} -> US | O30: U009 | P30: Wallet | Q30: =CONCATENATE(B30,H30) -> 46085USD | R30: =IFS( AND(N30="APAC", G30>5000), 1, AND(N30="EU", G30>6000), 1, AND(N30="US", G30>7000), 1, TRUE, 0 ) -> 0 | S30: =IF(OR(M30>=70, IFERROR(SEARCH("chargeback", K30),"")), 1, 0) -> 1
A31: T030 | B31: 46087 | D31: DELTA TRAVELS | E31: =PROPER(TRIM(D31)) -> Delta Travels | F31: 1800 | G31: {=F31* XLOOKUP(Q31,Sheet2!$D$2:$D$19,Sheet2!$C$2:$C$19,FALSE)} -> 1800 | H31: USD | I31: USD | J31: Failed E05 Timeout | K31: =IFERROR(__xludf.DUMMYFUNCTION("""COMPUTED_VALUE"""),"Failed") -> Failed | L31: score:47 | M31: =IFERROR(__xludf.DUMMYFUNCTION("""COMPUTED_VALUE"""),47.0) -> 47 | N31: {=XLOOKUP(E31,Sheet3!$B$2:$B$6,Sheet3!$E$2:$E$6)} -> US | O31: U010 | P31: UPI | Q31: =CONCATENATE(B31,H31) -> 46087USD | R31: =IFS( AND(N31="APAC", G31>5000), 1, AND(N31="EU", G31>6000), 1, AND(N31="US", G31>7000), 1, TRUE, 0 ) -> 0 | S31: =IF(OR(M31>=70, IFERROR(SEARCH("chargeback", K31),"")), 1, 0) -> 0

Sheet Sheet2
A1: rate_date | B1: currency | C1: usd_rate
A2: 46082 | B2: INR | C2: 0.0119 | D2: =CONCATENATE(A2,B2) -> 46082INR
A3: 46082 | B3: EUR | C3: 1.08 | D3: =CONCATENATE(A3,B3) -> 46082EUR
A4: 46082 | B4: USD | C4: 1 | D4: =CONCATENATE(A4,B4) -> 46082USD
A5: 46083 | B5: INR | C5: 0.012 | D5: =CONCATENATE(A5,B5) -> 46083INR
A6: 46083 | B6: EUR | C6: 1.09 | D6: =CONCATENATE(A6,B6) -> 46083EUR
A7: 46083 | B7: USD | C7: 1 | D7: =CONCATENATE(A7,B7) -> 46083USD
A8: 46084 | B8: INR | C8: 0.0121 | D8: =CONCATENATE(A8,B8) -> 46084INR
A9: 46084 | B9: EUR | C9: 1.08 | D9: =CONCATENATE(A9,B9) -> 46084EUR
A10: 46084 | B10: USD | C10: 1 | D10: =CONCATENATE(A10,B10) -> 46084USD
A11: 46085 | B11: INR | C11: 0.012 | D11: =CONCATENATE(A11,B11) -> 46085INR
A12: 46085 | B12: EUR | C12: 1.07 | D12: =CONCATENATE(A12,B12) -> 46085EUR
A13: 46085 | B13: USD | C13: 1 | D13: =CONCATENATE(A13,B13) -> 46085USD
... A19: 46087 | B19: USD | C19: 1 | D19: =CONCATENATE(A19,B19) -> 46087USD

Sheet Sheet3
A1: merchant_id | B1: merchant_name | C1: account_manager | D1: merchant_category | E1: default_region | F1: amount_usd
A2: M001 | B2: Alpha Mart | C2: Aisha Khan | D2: Grocery | E2: APAC | F2: =SUMIF(Cleaned_Transactions!E:E,B2,Cleaned_Transactions!$G$2:$G$31) -> 50278
A3: M002 | B3: Beta Stores | C3: Rohan Mehta | D3: Electronics | E3: APAC | F3: =SUMIF(Cleaned_Transactions!E:E,B3,Cleaned_Transactions!$G$2:$G$31) -> 32934
A4: M003 | B4: City Pharma | C4: Elena Rossi | D4: Healthcare | E4: EU | F4: =SUMIF(Cleaned_Transactions!E:E,B4,Cleaned_Transactions!$G$2:$G$31) -> 10246
A5: M004 | B5: Delta Travels | C5: Marcus Lee | D5: Travel | E5: US | F5: =SUMIF(Cleaned_Transactions!E:E,B5,Cleaned_Transactions!$G$2:$G$31) -> 7400
A6: M005 | B6: Eco Home | C6: Nina Weber | D6: Home | E6: EU | F6: =SUMIF(Cleaned_Transactions!E:E,B6,Cleaned_Transactions!$G$2:$G$31) -> 10224

Sheet Sheet1
